Other Content Details,Title,Content other ID
Garden,"""Sakuntala and King Dushyanta""",
Tree,"""Sakuntala and King Dushyanta""",
Forest,"""Sakuntala and King Dushyanta""",
Plants,"""Sakuntala and King Dushyanta""",
Shrubs,"""Sakuntala and King Dushyanta""",
Fine Clothes,"""Krishna""",
Flute,"""Krishna""",
Couch,"""Krishna at Rest - An episode from the Mahabharata""",
Prince,"""Krishna at Rest - An episode from the Mahabharata""",
Rulers,"""A gathering of nobles""",AAT25475
Princess,"""A gathering of nobles""",AAT155241
Palace,"""A gathering of nobles""",AAT5734
Competition,"""A gathering of nobles""",AAT54760
Nobles,"""A gathering of nobles""",AAT236022
Disciples,"""Vyasa and Shuka""",
Ball of fire,"""Vyasa and Shuka""",
Men,"""Ushna and Jayadratha""",AAT25928
Fish ,"""A gathering of nobles""",
Gold Throne,"""Duryodhana and Salya""",
Courtiers  ,"""Duryodhana and Salya""",
Servants,"""Duryodhana and Salya""",
Brothers,"""Duryodhana and Salya""",
Sage,"""Narada and Suka""",
King,"""Three males in conference""",
King,"""Krishna and Kamsa""",
King,"""Bhima and Jarasandha""",
Clubs,"""Ushna and Jayadratha""",AAT37206
Clubs,"""Bhima and Duryodhana""",AAT37206
Fight,"""Bhima and Duryodhana""",
Game of dice,"""Krishna""",
Warriors,"""Krishna""",
Bow,"""A gathering of nobles""",
Arrows,"""A gathering of nobles""",
Arrows,"""A battle scene -Karna and Bhima""",
Arrows,"""Bhisma""",
Pool,"""A gathering of nobles""",
Clothing,"""Nala and Damayanti""",
Garments,"""Nala and Damayanti""",
Birds,"""Nala and Damayanti""",
Priests,"""Rajasuya""",
Sacrificial fire,"""Rajasuya""",
Attendants,"""Rajasuya""",
Courtyard,"""Rajasuya""",
Sari,"""Krishna""",
Sari,"""Draupadi""",
Blood,"""Bhima and Duhshashana""",
Horses,"""A battle scene -Karna and Bhima""",
Battle ,"""A battle scene -Karna and Bhima""",AAT185692
Deity,"""A battle scene -Karna and Bhima""",x31373
Demon,"""A battle scene -Karna and Bhima""",x35488
Chariot,"""A battle scene -Karna and Bhima""",AAT219531
Chariot,"""Bhima and Aswathama""",AAT219531
Soldiers,"""A battle scene -Karna and Bhima""",AAT185678
Hair,"""Krishna and Kamsa""",
Throne,"""Krishna and Kamsa""",
Mace,"""Bhima""",